KYBER_Q,KYBER_LEVEL,KYBER_K,KYBER_ETA1,KYBER_ETA2,KYBER_N_BLOCKS_FOR_DU0,KYBER_DU0,KYBER_DU1,KYBER_DV,CODE_ALPHA,CODE_BETA,DFR
3329,1,2,3,2,2,10,0,4,1664,0,1.6596293893560445949672789371598640277368427376835762285143628467758741450969650e-38
3329,1,2,3,2,2,10,0,4,1664,1,1.6598746044465062919412507599011687801307071782279892596131859845006281592221893e-38
3329,1,2,3,2,2,10,0,4,1664,2,1.6594260588346732633900170008418398215542120496219080471103429949518002973627339e-38
3329,1,2,3,2,2,10,0,4,1664,3,1.6589842769926492885708107410005056189079954743617398207882731005935682398357894e-38
3329,1,2,3,2,2,10,0,4,1664,4,1.6585653366616547830123774244279898106912741593900867990097028473045389097318780e-38
3329,1,2,3,2,2,10,0,4,1664,5,1.6582670212763345801457580779427979066046551938221100239733959931860578898756150e-38
3329,1,2,3,2,2,10,0,4,1664,6,1.6580888048894806457106835208182686042655340028772589915422060475865078292550842e-38
3329,1,2,3,2,2,10,0,4,1664,7,1.6579405044095025461335707448747911196531693042224649002667483329598595599003369e-38
3329,1,2,3,2,2,10,0,4,1664,8,1.6577709238536652718210264164806593764953219365265813239529751813006651641282808e-38
3329,1,2,3,2,2,10,0,4,1664,9,1.6576161559258350046036563440099804246029428197936093671383807232905006633826979e-38
3329,1,2,3,2,2,10,0,4,1664,10,1.6574400976158760360656644026335750520706288743556879435708805701042828349658829e-38
3329,1,2,3,2,2,10,0,4,1664,11,1.6572659980378691199936049795991464722313822792502149438187516573622365894320912e-38
3329,1,2,3,2,2,10,0,4,1664,12,1.6570798432190066843136182031315615366794191891568090086782936748231615652500071e-38
3329,1,2,3,2,2,10,0,4,1664,13,1.6568845417033304692143759369530379584444373388376565567836105363854189554871956e-38
3329,1,2,3,2,2,10,0,4,1664,14,1.6566781120491227480806975171241601137290180925786816800880010057266118625460836e-38
3329,1,2,3,2,2,10,0,4,1664,15,1.6563776973099050673037723269849651643189098951254526658185770597272499166833897e-38
3329,1,2,3,2,2,10,0,4,1664,16,1.6560941860588513511634524168750058821549244049408532150447521022081604378183981e-38
3329,1,2,3,2,2,10,0,4,1664,17,1.6558625150538761367928302423203413662874546385891394845927784726467185627519507e-38
3329,1,2,3,2,2,10,0,4,1664,18,1.6555861477529490785962314662099988354337036842006729764746920650441219681570788e-38
3329,1,2,3,2,2,10,0,4,1664,19,1.6552513893079695773219502359299449079750207740900153377572704408935243614811190e-38
3329,1,2,3,2,2,10,0,4,1664,20,1.6549537955657665458725310872202380281918379205166434955360377695000787501483512e-38
3329,1,2,3,2,2,10,0,4,1664,21,1.6546377393682935055051036469945557585427802973682587191779842055446931935457646e-38
3329,1,2,3,2,2,10,0,4,1664,22,1.6542927314022227536529882436171399736385738297298159211881261799329418945443291e-38
3329,1,2,3,2,2,10,0,4,1664,23,1.6538739266048656045612387753721649144039837579478332313420699462851764592940329e-38
3329,1,2,3,2,2,10,0,4,1664,24,1.6534120411778068595575367039998891983015770740849497037430112645258649319702770e-38
3329,1,2,3,2,2,10,0,4,1664,25,1.6529865741049481950580556290843058429638126588982183647301147129432975832735495e-38
3329,1,2,3,2,2,10,0,4,1664,26,1.6524570907412564840559048012436376067751319261056069028094194069084592039207241e-38
3329,1,2,3,2,2,10,0,4,1664,27,1.6520686392635081192510298568325761776760038447051478096486122529277845703921233e-38
3329,1,2,3,2,2,10,0,4,1664,28,1.6516959848631011194249738446062142678939971775888223493912813841643611884873909e-38
3329,1,2,3,2,2,10,0,4,1664,29,1.6511768467575026392420843358894816109664042274760347720087219900542247372190069e-38
3329,1,2,3,2,2,10,0,4,1664,30,1.6507452761472503961941481531405093931623940178285682123838749174176962948958662e-38
3329,1,2,3,2,2,10,0,4,1664,31,1.6500716955133595897928310593684655065134293418793627218954210176788376867263442e-38
3329,1,2,3,2,2,10,0,4,1664,32,1.6493528622383659497649934828992424124583811326789662649065869150831633063869143e-38
3329,1,2,3,2,2,10,0,4,1664,33,1.6490485112415955873453171183991385139844692563484291890206581109044886233634775e-38
3329,1,2,3,2,2,10,0,4,1664,34,1.6486165082119702276501003863615990608218477682560188255421248713696596239141161e-38
3329,1,2,3,2,2,10,0,4,1664,35,1.6477106287757381174207980605837912413015148210242433319404108815156598517899934e-38
3329,1,2,3,2,2,10,0,4,1664,36,1.6470995043042366387707084199086276510831459222189035386414122740367517931997233e-38
3329,1,2,3,2,2,10,0,4,1664,37,1.6462899133061533045319543674285228813213501362466545038085643734174455142341206e-38
3329,1,2,3,2,2,10,0,4,1664,38,1.6459587950588369155570832825990512755965388015576752910548294687679251536022853e-38
3329,1,2,3,2,2,10,0,4,1664,39,1.6451630826716366050489694011895959530457230963389771480975562939193134283559618e-38
3329,1,2,3,2,2,10,0,4,1664,40,1.6443175870306428985600155246634127256490399368684046217895583416893964889768576e-38
3329,1,2,3,2,2,10,0,4,1664,41,1.6434563158741468913121319838656172285504643694785644497295153590222500684182328e-38
3329,1,2,3,2,2,10,0,4,1664,42,1.6428113621889453305511150855608933879854698753407197691415214716508290992416947e-38
3329,1,2,3,2,2,10,0,4,1664,43,1.6420734118073025364519482785893771091007740581455674982633688485181723256801712e-38
3329,1,2,3,2,2,10,0,4,1664,44,1.6414078495344473512242800855087657985657438153098646514658184718922690747796656e-38
3329,1,2,3,2,2,10,0,4,1664,45,1.6401144319758903912360329196496568614101364740753638705955762444767134889498843e-38
3329,1,2,3,2,2,10,0,4,1664,46,1.6394086125624780008684672216642163261735037144055428473748245581869114950087764e-38
3329,1,2,3,2,2,10,0,4,1664,47,1.6385873590425687636034784855637578990078527360071583135721723050019696203523933e-38
3329,1,2,3,2,2,10,0,4,1664,48,1.6375836249740301622964052282883612924551569071106156244937330410947647458573836e-38
3329,1,2,3,2,2,10,0,4,1664,49,1.6365825486017885740003959949314141694798320277089022810784220151196138518348700e-38
3329,1,2,3,2,2,10,0,4,1664,50,1.6359244230403654800576594851422740054072585649572066024349678066727706751863721e-38
3329,1,2,3,2,2,10,0,4,1664,51,1.6346250666086768134452342555348315688095191313202968339201789005261716509331776e-38
3329,1,2,3,2,2,10,0,4,1664,52,1.6332323778597074955399698992415152228546761059692502822388603298093045461190815e-38
3329,1,2,3,2,2,10,0,4,1664,53,1.6326439882676190113603746287164591681130260039340304204788190084320348944202661e-38
3329,1,2,3,2,2,10,0,4,1664,54,1.6316461640156739875391393237413047967275986027591462919071810152420487352252112e-38
3329,1,2,3,2,2,10,0,4,1664,55,1.6304195016724228289405187317520227657102227592547164340602162550565594231435946e-38
3329,1,2,3,2,2,10,0,4,1664,56,1.6293960611653795757795721393700644277323554994252448388011400661084656435769495e-38
3329,1,2,3,2,2,10,0,4,1664,57,1.6283417494879056125870967095694379045414658611824316147073747010421393920319268e-38
3329,1,2,3,2,2,10,0,4,1664,58,1.6269943992975399265169475342890602292086876024645282332388680405562695077501703e-38
3329,1,2,3,2,2,10,0,4,1664,59,1.6259240614648093195606585676535761887495058874721234146851422298794124899134183e-38
3329,1,2,3,2,2,10,0,4,1664,60,1.6248343149028054997554733184642844652931768407087556052440034915640796516488695e-38
3329,1,2,3,2,2,10,0,4,1664,61,1.6232674375935673362152682504821463630859644380340464619735530947938675986794027e-38
3329,1,2,3,2,2,10,0,4,1664,62,1.6222834173157361145026199852331272595557255790267771236296091305062909308755701e-38
3329,1,2,3,2,2,10,0,4,1664,63,1.6208313033683838556663691622892664789481606268404921566439355371352732903358243e-38
3329,1,2,3,2,2,10,0,4,1664,64,1.6186602789839512906090164389836748902993218802415952833856405110193197858107491e-38
3329,1,2,3,2,2,10,0,4,1664,65,1.6181395410993259818490617909402806408307308708816504844212172858910210433806912e-38
3329,1,2,3,2,2,10,0,4,1664,66,1.6166070649171089926143707225057069368333738314316216391959633808195733832053513e-38
3329,1,2,3,2,2,10,0,4,1664,67,1.6150256698514591102804857807337465026883585283514514677063243624692668954162558e-38
3329,1,2,3,2,2,10,0,4,1664,68,1.6139553240491757808315075686889306702262875848581978168786322288188936113794346e-38
3329,1,2,3,2,2,10,0,4,1664,69,1.6126629050069789975446732619864514608362323231341559043031750550379934505067884e-38
3329,1,2,3,2,2,10,0,4,1664,70,1.6105381256833305070166469426179845967523840420289270411106569692958161957990324e-38
3329,1,2,3,2,2,10,0,4,1664,71,1.6089455553826793760075703792557314634712269353306516719511856744829585371777748e-38
3329,1,2,3,2,2,10,0,4,1664,72,1.6073518055839134282692022903759172285193253157200864276648428822228330861537276e-38
3329,1,2,3,2,2,10,0,4,1664,73,1.6058163660819300687302382150565451395405061527824034332291896915074059111004029e-38
3329,1,2,3,2,2,10,0,4,1664,74,1.6046182855409850257618803131203871147753490006083950768813564552906555214255980e-38
3329,1,2,3,2,2,10,0,4,1664,75,1.6022080559432120227827670870365408296260351345733496843857006247342122551009794e-38
3329,1,2,3,2,2,10,0,4,1664,76,1.6011400870536456874676136516672177660904598920924804453602402340901397327046759e-38
3329,1,2,3,2,2,10,0,4,1664,77,1.5990044083523005400014562977529298087066172822805154496432845637393562520641925e-38
3329,1,2,3,2,2,10,0,4,1664,78,1.5967327999580054047939801143143407689845354625335434776789742219715709800646671e-38
3329,1,2,3,2,2,10,0,4,1664,79,1.5952941158252455674874782987430409891434203033622818952349827222482953284338150e-38
3329,1,2,3,2,2,10,0,4,1664,80,1.5931514981434896275837245316290583560625572824569828886126529881118509584820721e-38
3329,1,2,3,2,2,10,0,4,1664,81,1.5911054544438941371688052357343372165920819474194223299114802201118012442490037e-38
3329,1,2,3,2,2,10,0,4,1664,82,1.5894709537733767313704717003083935784539958143209097218106026400143065791950241e-38
3329,1,2,3,2,2,10,0,4,1664,83,1.5887825014540000664975901304412248919637123892238079130181346349536154219237840e-38
3329,1,2,3,2,2,10,0,4,1664,84,1.5851831410473088088263067093853361229297591765698885969917207828805187142454173e-38
3329,1,2,3,2,2,10,0,4,1664,85,1.5833496448963795168594271088361583519886039682553054325964574033928977993486474e-38
3329,1,2,3,2,2,10,0,4,1664,86,1.5808501244474224910304663166625826457613527891822996907362727187373161771476544e-38
3329,1,2,3,2,2,10,0,4,1664,87,1.5788186277880006674417239362189369072457394003582003540111609733866733568538025e-38
3329,1,2,3,2,2,10,0,4,1664,88,1.5769239506860678841205245475572516860568492937638520540337263732729640280437640e-38
3329,1,2,3,2,2,10,0,4,1664,89,1.5751461380405126931779284620211101605584786054060565068261125277738846358462532e-38
3329,1,2,3,2,2,10,0,4,1664,90,1.5731648647146746304917888875801537589414917245741697940140555303948799896427863e-38
3329,1,2,3,2,2,10,0,4,1664,91,1.5701328270053891545841992537771713679878644846250248675327007050017699747804025e-38
3329,1,2,3,2,2,10,0,4,1664,92,1.5672507088216689692463500893645010465894531894047781130376029308262708606974691e-38
3329,1,2,3,2,2,10,0,4,1664,93,1.5652695311483172494346455269635332019884497989770919688767244632445027581640253e-38
3329,1,2,3,2,2,10,0,4,1664,94,1.5630956818855223720320756498534809617509867666090136664112156721991513843375525e-38
3329,1,2,3,2,2,10,0,4,1664,95,1.5600359210368972762531049011267682430355841399166624053812792697006192187035177e-38
3329,1,2,3,2,2,10,0,4,1664,96,1.5574477287597088694395783234969609109036102274651308540310445982629130749922997e-38
3329,1,2,3,2,2,10,0,4,1664,97,1.5554192136752601105105013183882640950169516836015004479397971991575137117007399e-38
3329,1,2,3,2,2,10,0,4,1664,98,1.5542091985511898127129007484700645247830015010111958518050817025933454018091380e-38
3329,1,2,3,2,2,10,0,4,1664,99,1.5501452547140747974711907694606055311813889110405613561635944793285530508786426e-38
3329,1,2,3,2,2,10,0,4,1664,100,1.5479616452055261786287587854418100591598694928204954002717633760388233722636451e-38
3329,1,2,3,2,2,10,0,4,1664,101,1.5450334355155716644298910744459015329072503386036153455425747237772629896772456e-38
3329,1,2,3,2,2,10,0,4,1664,102,1.5420946083560218903703523846221567039247735094560583158816566639699129057524197e-38
3329,1,2,3,2,2,10,0,4,1664,103,1.5393742183319808932597621878154380516516621910930682750726786752874482207731696e-38
3329,1,2,3,2,2,10,0,4,1664,104,1.5345269994570528452043914012688010328895397677984178092418061768902976861876144e-38
3329,1,2,3,2,2,10,0,4,1664,105,1.5333419914535865152064998936414063725994441660810075047925608155439683335376224e-38
3329,1,2,3,2,2,10,0,4,1664,106,1.5308474192132717157187818754457974532771776072669763507229278788792837192679188e-38
3329,1,2,3,2,2,10,0,4,1664,107,1.5275949219570666278710456595251598657849464250838980641554130838940609570772778e-38
3329,1,2,3,2,2,10,0,4,1664,108,1.5243020768278307759253679079284865313812766655203453696116900772192208807092521e-38
3329,1,2,3,2,2,10,0,4,1664,109,1.5213539423782364823242025245701492615687437355235595322525344073573507372532339e-38
3329,1,2,3,2,2,10,0,4,1664,110,1.5183364892444148343299888669702224389568489905720553286555072309639473002709197e-38
3329,1,2,3,2,2,10,0,4,1664,111,1.5140123736738630662176912755849508450149717023549468601136827726305069314600389e-38
3329,1,2,3,2,2,10,0,4,1664,112,1.5118666532691270821478769875222572093375872809307006144693177110258204435141828e-38
3329,1,2,3,2,2,10,0,4,1664,113,1.5084119116729322320457487800971366541648186051761545078732120192474307472203893e-38
3329,1,2,3,2,2,10,0,4,1664,114,1.5059980950906786437534195642608742597652507144193944807806637246735060262115786e-38
3329,1,2,3,2,2,10,0,4,1664,115,1.5019067958687202484771924887356487304691287534493802042874909321799454753332665e-38
3329,1,2,3,2,2,10,0,4,1664,116,1.4984033746199297545175658052546435175723945462361587085934333580251978592035876e-38
3329,1,2,3,2,2,10,0,4,1664,117,1.4953068737485261958732458310744160913178846216019337653611951104028362591681461e-38
3329,1,2,3,2,2,10,0,4,1664,118,1.4918880990528313650042421015565432984616614237647958926880635842450912679477058e-38
3329,1,2,3,2,2,10,0,4,1664,119,1.4875793877545946549538541261978993444562164522654380903759594463298083039769233e-38
3329,1,2,3,2,2,10,0,4,1664,120,1.4849466265804185518841839491199905051981906923380393275653763577365479754861743e-38
3329,1,2,3,2,2,10,0,4,1664,121,1.4809950958310221312913952585353935506138067908534144110139965752200708233410675e-38
3329,1,2,3,2,2,10,0,4,1664,122,1.4773050252895107462846614997893527904797872354742024153011413541077970575439201e-38
3329,1,2,3,2,2,10,0,4,1664,123,1.4735168181643777427463001858537137621645842628186473831184294155500255518015422e-38
3329,1,2,3,2,2,10,0,4,1664,124,1.4705257456092397520621210794607837779676490359286890159178147729369004221311305e-38
3329,1,2,3,2,2,10,0,4,1664,125,1.4660769482688366164609331429132415881782322112243745538517338418192612543701648e-38
3329,1,2,3,2,2,10,0,4,1664,126,1.4621787373807803153938351256427938562735114141433059550526551051916879228163842e-38
3329,1,2,3,2,2,10,0,4,1664,127,1.4583689103273670825448765680338952746163728216851601785078443048756586801379696e-38
3329,1,2,3,2,2,10,0,4,1664,128,1.4550700785861012812142385170394794763354252662746523614364664692272773404249467e-38
3329,1,2,3,2,2,10,0,4,1664,129,1.4512339090823697882561275468679083564889614083921457639302027967661970181545098e-38
3329,1,2,3,2,2,10,0,4,1664,130,1.4466701843753228016816897719342011049673930627018710068639985603156912759521770e-38
3329,1,2,3,2,2,10,0,4,1664,131,1.4428881964882905122437159430466538430130470836150857943601302502764650026608960e-38
3329,1,2,3,2,2,10,0,4,1664,132,1.4387237473748434958502183943952999138788786624274942187879343838560964798316585e-38
3329,1,2,3,2,2,10,0,4,1664,133,1.4341833182385192100375655751066936743187011984427996369673672412514058329582965e-38
3329,1,2,3,2,2,10,0,4,1664,134,1.4302384718996054975846763188531913323169855469072152027195698591984274253594356e-38
3329,1,2,3,2,2,10,0,4,1664,135,1.4255501273580751731646043521167110824900572024384772629387773032183183728219968e-38
3329,1,2,3,2,2,10,0,4,1664,136,1.4215704159049011519667810525381348053754714284273860779126789202992990298823407e-38
3329,1,2,3,2,2,10,0,4,1664,137,1.4176017934399898352933606356898964083389349786919805716835752956278879151393840e-38
3329,1,2,3,2,2,10,0,4,1664,138,1.4123182955060943497289058547177519162172428025219798573630016464262505874747609e-38
3329,1,2,3,2,2,10,0,4,1664,139,1.4061690432948476367382172460356311071159786908332897473723519122605506216115250e-38
3329,1,2,3,2,2,10,0,4,1664,140,1.4045499022875988136123602075413355158990660216150124211382366852919602461846536e-38
3329,1,2,3,2,2,10,0,4,1664,141,1.3995775596135899806480499623065063355165536926972129501263445107536133441583645e-38
3329,1,2,3,2,2,10,0,4,1664,142,1.3950415223522161748294697005170413808999604862045106102334295928175525170969843e-38
3329,1,2,3,2,2,10,0,4,1664,143,1.3908425983017368213524370859163042168249406272967762143393348319924285948343192e-38
3329,1,2,3,2,2,10,0,4,1664,144,1.3860957848675488466277541197673575569830828796272524931321252733642959580040815e-38
3329,1,2,3,2,2,10,0,4,1664,145,1.3811848687291813925649466478748326080399781455888181284522091404077096928191595e-38
3329,1,2,3,2,2,10,0,4,1664,146,1.3775175379797724777394818641079139262258299531856574974184664866069548634786602e-38
3329,1,2,3,2,2,10,0,4,1664,147,1.3711367328207384240046467468972145416179079524172122498902149852187637841982576e-38
3329,1,2,3,2,2,10,0,4,1664,148,1.3675140402336494794606273093470219542368249704075888963191414846192790381264566e-38
3329,1,2,3,2,2,10,0,4,1664,149,1.3615247740407731077967265330927855764487171342419634404827704823537746074951400e-38
3329,1,2,3,2,2,10,0,4,1664,150,1.3571647055882168893002237462772283329458667994085651605620094525221974253149340e-38
3329,1,2,3,2,2,10,0,4,1664,151,1.3516232482920790264265844730467624406658585691610871911695395959214052107941791e-38
3329,1,2,3,2,2,10,0,4,1664,152,1.3470119516363530210516226276307257985675980328237408154557583047338313121078908e-38
3329,1,2,3,2,2,10,0,4,1664,153,1.3418949844090919048424510551779515084296768935757207206675011383839537407811580e-38
3329,1,2,3,2,2,10,0,4,1664,154,1.3369527906343104285928454466943677504102782834115325082377206133995084002829555e-38
3329,1,2,3,2,2,10,0,4,1664,155,1.3320043874144223314471158925614228879562245819496406515142754924842083249861189e-38
3329,1,2,3,2,2,10,0,4,1664,156,1.3263901099614462195803142707219898533801478110098516949886035542154520604310265e-38
3329,1,2,3,2,2,10,0,4,1664,157,1.3215063825771955204777501645939368615892069251770389766403490614849347873503577e-38
3329,1,2,3,2,2,10,0,4,1664,158,1.3167194006995957143947323071081797004120910858407302133764455521515903797489377e-38
3329,1,2,3,2,2,10,0,4,1664,159,1.3112769058902979453071603582994233500611472503169137133984133992946976905691482e-38
3329,1,2,3,2,2,10,0,4,1664,160,1.3057114800711234106333432192613483769817990454864206480995436782589811156033228e-38
3329,1,2,3,2,2,10,0,4,1664,161,1.3001587302335756973878624987020857677275035460212297713015937092454155078530321e-38
3329,1,2,3,2,2,10,0,4,1664,162,1.2955983922744634259957746538367807679785953442797016265112630202282413858642067e-38
3329,1,2,3,2,2,10,0,4,1664,163,1.2898961763686051994447957581236572209455709709233660530089865356238472154004915e-38
3329,1,2,3,2,2,10,0,4,1664,164,1.2845865402766969951948341034252010748757281248620903498444599472208119823612721e-38
3329,1,2,3,2,2,10,0,4,1664,165,1.2787753354902847119119503122840228727922378422137248041503349004019817688309699e-38
3329,1,2,3,2,2,10,0,4,1664,166,1.2694918172974629869619284287957334882905939298838959606821892674330171100827184e-38
3329,1,2,3,2,2,10,0,4,1664,167,1.2650681016304044397593208434997496682923106657454497526091039349751853355646076e-38
3329,1,2,3,2,2,10,0,4,1664,168,1.2625016210235275424097394287997831272346602161438612343276477492799446833855749e-38
3329,1,2,3,2,2,10,0,4,1664,169,1.2568132587263429716174408905262114949182561898106777578757448675836654622393973e-38
3329,1,2,3,2,2,10,0,4,1664,170,1.2505938206226614207894015016941317329823050570002879283256100486445692448852659e-38
3329,1,2,3,2,2,10,0,4,1664,171,1.2448038804817389591639119715175633659278845290452926737613580173523162797562160e-38
3329,1,2,3,2,2,10,0,4,1664,172,1.2387618538146309957320775160725990901473024742290735783616327030325043289352475e-38
3329,1,2,3,2,2,10,0,4,1664,173,1.2336589282571837707828944759192767490421096635315810292833524266856703232492044e-38
3329,1,2,3,2,2,10,0,4,1664,174,1.2277611064097610374089866051092757555940528955790906764779485313465991969157684e-38
3329,1,2,3,2,2,10,0,4,1664,175,1.2214591036489256314235296981003410558455194063837324853871413851327146508658938e-38
3329,1,2,3,2,2,10,0,4,1664,176,1.2161780605212059062986845312257939004451600317663309792481801567309366737646329e-38
3329,1,2,3,2,2,10,0,4,1664,177,1.2101606106435781012720554831828312073090583760638140503583965675428496252398081e-38
3329,1,2,3,2,2,10,0,4,1664,178,1.2040702969063368142224936855712379226127637928025819148476873938381309227704279e-38
3329,1,2,3,2,2,10,0,4,1664,179,1.1985320280664967999468942631736207602932199883180467222284755021693726634079141e-38
3329,1,2,3,2,2,10,0,4,1664,180,1.1928505916879040436853283961969537535914643906305045333603440641895698914743732e-38
3329,1,2,3,2,2,10,0,4,1664,181,1.1857614965050961424451490770916451796898802801176592098966331298146005450081990e-38
3329,1,2,3,2,2,10,0,4,1664,182,1.1799717320729372095216126822283033499368581673786836405073806393175663984048995e-38
3329,1,2,3,2,2,10,0,4,1664,183,1.1742202918771356497743149521914128000644683217392939018860073354596138552258529e-38
3329,1,2,3,2,2,10,0,4,1664,184,1.1675652180014288816154858298346569894868188871939593788761029491586665099973847e-38
3329,1,2,3,2,2,10,0,4,1664,185,1.1604550533580992551119137516839824457502542539019194888232604978931293692505123e-38
3329,1,2,3,2,2,10,0,4,1664,186,1.1557679496984737504158117268597110718701960531680331262280088345456974036983221e-38
3329,1,2,3,2,2,10,0,4,1664,187,1.1498970497197424898315276381035651559819036723158522104734488488549097826370892e-38
3329,1,2,3,2,2,10,0,4,1664,188,1.1437025605265719313325952104551880124316012410893698223322720038778594459305136e-38
3329,1,2,3,2,2,10,0,4,1664,189,1.1372786326792625245145943651540244080743004940276477167063169154521610178033145e-38
3329,1,2,3,2,2,10,0,4,1664,190,1.1300555417893862531118960741243553840127423763430189877783356704747555017466082e-38
3329,1,2,3,2,2,10,0,4,1664,191,1.1236679477228837279993126192190877571537501775141859491073432943921095264797471e-38
3329,1,2,3,2,2,10,0,4,1664,192,1.1171194519682263845829345132698959859729740527384036413528330671416288579033618e-38
3329,1,2,3,2,2,10,0,4,1664,193,1.1121258033967079562210272326015404046004903963827854535285505256701931271434487e-38
3329,1,2,3,2,2,10,0,4,1664,194,1.1051374885774287338098625049939705163812312331297641811351082087735694192700704e-38
3329,1,2,3,2,2,10,0,4,1664,195,1.0988356608853467138629065948182348023077725613470100905524426217045115630806205e-38
3329,1,2,3,2,2,10,0,4,1664,196,1.0931378910930674339240772062216514204630765057460950341395576919447943551637168e-38
3329,1,2,3,2,2,10,0,4,1664,197,1.0862131356924514125515653554873113451084354485460547282344310237362533300916894e-38
3329,1,2,3,2,2,10,0,4,1664,198,1.0787968858207110090403644111922459091704008332041723716438157997946474458520043e-38
3329,1,2,3,2,2,10,0,4,1664,199,1.0728516545655374363178904629631740813530303013063140989875533509296159954900870e-38
3329,1,2,3,2,2,10,0,4,1664,200,1.0661573514669723695838502998101915485544399572715846791114415377275804160082027e-38
3329,1,2,3,2,2,10,0,4,1664,201,1.0595306067565968779496457983195411342175269761527395195747149552660074072392013e-38
3329,1,2,3,2,2,10,0,4,1664,202,1.0530300730545723969427263992857670939365891006665025562217764737017079384270688e-38
3329,1,2,3,2,2,10,0,4,1664,203,1.0459022402941685231732123934403565736317134000110520564359701454277784635276484e-38
3329,1,2,3,2,2,10,0,4,1664,204,1.0401244751523102914202275250010327995181020722997494536394632340667981769727375e-38
3329,1,2,3,2,2,10,0,4,1664,205,1.0332618758026072415661492007017167737273234629593539074328938071777712831742954e-38
3329,1,2,3,2,2,10,0,4,1664,206,1.0266586958771972986413624856220688407680846218172644843583212455951703413305571e-38
3329,1,2,3,2,2,10,0,4,1664,207,1.0211632807163693755072897141936447825048063042833224089033846718842313215526573e-38
3329,1,2,3,2,2,10,0,4,1664,208,1.0101717763521915054729081565050517209453835737792923668555654964931710030122656e-38
3329,1,2,3,2,2,10,0,4,1664,209,1.0051082525663396421114563774847246527232072069164553206922291956141402410368935e-38
3329,1,2,3,2,2,10,0,4,1664,210,1.0002423786565350902353720890228551852481161988194784449628589837465999493338198e-38
3329,1,2,3,2,2,10,0,4,1664,211,9.9336693519084865539011832162466927072819854126709402485151259167660444148964968e-39
3329,1,2,3,2,2,10,0,4,1664,212,9.8681290364851005911573686195966169964899804257415355577020977404838040390175328e-39
3329,1,2,3,2,2,10,0,4,1664,213,9.8046104674876567082154490204765647274323698538206824554628125883812778704450029e-39
3329,1,2,3,2,2,10,0,4,1664,214,9.7358663281934391071373813582172303677916820097972737276628205404118904486823079e-39
3329,1,2,3,2,2,10,0,4,1664,215,9.6651173519120088859161501724840537748336980425095572189422424178249992662189144e-39
3329,1,2,3,2,2,10,0,4,1664,216,9.6026355422549219340261078838612625276270813303116888584197449869022834381937077e-39
3329,1,2,3,2,2,10,0,4,1664,217,9.5288055392946549037835397324151805037083460983748128449324646634023042480365803e-39
3329,1,2,3,2,2,10,0,4,1664,218,9.4650826251644375183212070625812822403258207103724305544931361947108038326386714e-39
3329,1,2,3,2,2,10,0,4,1664,219,9.4007877479253986785797541661841957867168012309286525692655625693615776072639347e-39
3329,1,2,3,2,2,10,0,4,1664,220,9.3280096761737604566853629157454736427317731320751234428903620348195869303483677e-39
3329,1,2,3,2,2,10,0,4,1664,221,9.2613273279472943253262153010600687668095544737908628032344771126801333324098547e-39
3329,1,2,3,2,2,10,0,4,1664,222,9.2139689322459156842713967046437216316310821703914424546191077862642303374682985e-39
3329,1,2,3,2,2,10,0,4,1664,223,9.1285086581816989918708644545424137296868363920148262708953550902125961914948387e-39
3329,1,2,3,2,2,10,0,4,1664,224,9.0603016292359687083842699160194666450333105588025337468278064715840594868280762e-39
3329,1,2,3,2,2,10,0,4,1664,225,8.9892824755455061460599392704239751249303613321716751898947517510632167347358623e-39
3329,1,2,3,2,2,10,0,4,1664,226,8.9306562250979109975770202757607651147685343507193953839889300016875082565997104e-39
3329,1,2,3,2,2,10,0,4,1664,227,8.8567428457144679185296516406418790940962313225366290109498441236452717186900265e-39
3329,1,2,3,2,2,10,0,4,1664,228,8.7928180166029767363999928223112825071104262666196699231613947904109415486403674e-39
3329,1,2,3,2,2,10,0,4,1664,229,8.7199558093464979918096666993525839259578582181521790731977468267798721944021208e-39
3329,1,2,3,2,2,10,0,4,1664,230,8.6538628081842783386233409929290737500948526092850933898653565948979766058098858e-39
3329,1,2,3,2,2,10,0,4,1664,231,8.5912463350477626702270747017597645846392893145233084483317483805605157165906046e-39
3329,1,2,3,2,2,10,0,4,1664,232,8.5163244089067962285815079851409336125268669172099447246662468976985930842774392e-39
3329,1,2,3,2,2,10,0,4,1664,233,8.4533978895299558291978568133629220129280730742419165038635873797098689340544953e-39
3329,1,2,3,2,2,10,0,4,1664,234,8.3840850341243189475292591319647028023732038136315063280104834948987847798522229e-39
3329,1,2,3,2,2,10,0,4,1664,235,8.3180184343042440764993768157742016263625392093640142071418698268108679717649957e-39
3329,1,2,3,2,2,10,0,4,1664,236,8.2473998145302282328328144055293375115241975691418498943543054931243031747515142e-39
3329,1,2,3,2,2,10,0,4,1664,237,8.1851297160413042153811558796230660504966567870655586017102151467390034310264432e-39
3329,1,2,3,2,2,10,0,4,1664,238,8.1448416518420657498565513499458189455932158451093850869537528649186522395097203e-39
3329,1,2,3,2,2,10,0,4,1664,239,8.0482661934513109904212030973452523476219122220613220947589394673210083558592984e-39
3329,1,2,3,2,2,10,0,4,1664,240,7.9798743508016706514831144183578912931872398530513962734361561684074350550164991e-39
3329,1,2,3,2,2,10,0,4,1664,241,7.9119777921629187940335405074015818659276131921558267169965782026997796830641019e-39
3329,1,2,3,2,2,10,0,4,1664,242,7.8387956824232573890505413270238845394735624401697841296561074923907543848823704e-39
3329,1,2,3,2,2,10,0,4,1664,243,7.7790810247470204022710233858726153997085448988108276360638949916898206559386041e-39
3329,1,2,3,2,2,10,0,4,1664,244,7.7066027997300555837950103939843845576576916763342544048780118094149776140254987e-39
3329,1,2,3,2,2,10,0,4,1664,245,7.6388683834278506763425956045725060927019060454022124840125416413722088639898631e-39
3329,1,2,3,2,2,10,0,4,1664,246,7.5818756056685663176178358942623016768346465592272639558232327997664067557436015e-39
3329,1,2,3,2,2,10,0,4,1664,247,7.5109875204259080811502720326991233036457525974395386035743999382849786424159299e-39
3329,1,2,3,2,2,10,0,4,1664,248,7.4455197881882180681709729339165844740997661356786370380094069557589627919937461e-39
3329,1,2,3,2,2,10,0,4,1664,249,7.3761323046006319517020726476803476272054619227216091458354605711758415051058255e-39
3329,1,2,3,2,2,10,0,4,1664,250,7.3203261498686180887589525646528083679954043329412934259566782177777695171128161e-39
3329,1,2,3,2,2,10,0,4,1664,251,7.2461981512513399625953166663427119656623408542369623318471662591897528211940342e-39
3329,1,2,3,2,2,10,0,4,1664,252,7.1771347755013071182554526792738086235899101957362745329895134564418334722177711e-39
3329,1,2,3,2,2,10,0,4,1664,253,7.1132544873084648608540176339320236454560121459120647485028763224275823084935501e-39
3329,1,2,3,2,2,10,0,4,1664,254,7.0494052933892405068695930176315015486713782693049537693309247932382169958155548e-39
3329,1,2,3,2,2,10,0,4,1664,255,6.9827242106446757714577598130981661675287943365489196448904453835537296689015118e-39
3329,1,2,3,2,2,10,0,4,1664,256,6.9228908597131830446440587010406661572435420380310244219802151233322047974141645e-39
3329,1,2,3,2,2,10,0,4,1664,257,6.8526908090029157724511693423240057284357702836346953077710026790320158432950180e-39
3329,1,2,3,2,2,10,0,4,1664,258,6.7894117375779622194734774070297636104928983913861909755984079328388641835915862e-39
3329,1,2,3,2,2,10,0,4,1664,259,6.7239491415324149509805902524706419462032846949238622107774531428527208563274927e-39
3329,1,2,3,2,2,10,0,4,1664,260,6.6572287478467094607909706236106402800895664658120613229307115938364792650306395e-39
3329,1,2,3,2,2,10,0,4,1664,261,6.5920588378687432530042801689210365374807325971399373940303008600573131883265177e-39
3329,1,2,3,2,2,10,0,4,1664,262,6.5313733378743598382259169377642551586152499783100031610822374075451150259126451e-39
3329,1,2,3,2,2,10,0,4,1664,263,6.4714297644988076639117668373475977085084847999313950431384203008553901445635235e-39
3329,1,2,3,2,2,10,0,4,1664,264,6.4060058000480214919831064528220458146602460277181905206623495858775963465003501e-39
3329,1,2,3,2,2,10,0,4,1664,265,6.3386361777271059542279073676102035180081747225158471952146909441331838891484442e-39
3329,1,2,3,2,2,10,0,4,1664,266,6.2757956630389980999587205233101437774847214892621943897379333651674532394862474e-39
3329,1,2,3,2,2,10,0,4,1664,267,6.2172368048302990539977437250191882004623069232712948287438368508339921504086709e-39
3329,1,2,3,2,2,10,0,4,1664,268,6.1524565972981084328528639606363973879620807788267793128617197285372681244972044e-39
3329,1,2,3,2,2,10,0,4,1664,269,6.0902383119226521764043604644525938037027831775500812436476553135047035796523467e-39
3329,1,2,3,2,2,10,0,4,1664,270,6.0302951136990143277533223309450482703665098864605816624175589257165104775645356e-39
3329,1,2,3,2,2,10,0,4,1664,271,5.9603979024395887288120278358508031014971874791620821664149250083892243271535994e-39
3329,1,2,3,2,2,10,0,4,1664,272,5.9032675501581595395810665197502237861508228321712618143764363867889326889468887e-39
3329,1,2,3,2,2,10,0,4,1664,273,5.8427524697206946711780425412591578619464760816755585644819806276349422762031125e-39
3329,1,2,3,2,2,10,0,4,1664,274,5.7813911247573959724818457524879991082692270897160996608494875367525868487584295e-39
3329,1,2,3,2,2,10,0,4,1664,275,5.7193860589293266571821564835613012562378766848863731499148751091186549032937442e-39
3329,1,2,3,2,2,10,0,4,1664,276,5.6516496248658174726784052314615512581191076337214070588631712762349593213256708e-39
3329,1,2,3,2,2,10,0,4,1664,277,5.6192102946768650517691499250882548890285617797768652360751393094305727668879909e-39
3329,1,2,3,2,2,10,0,4,1664,278,5.5845177762555392601400812004999748537274248004362030506674894598237690577666629e-39
3329,1,2,3,2,2,10,0,4,1664,279,5.4784588807774235069422535814456765393406009254924316726671601140214701940931067e-39
3329,1,2,3,2,2,10,0,4,1664,280,5.4208908537551663540648631647497251022993859786683690005690602103014776129085542e-39
3329,1,2,3,2,2,10,0,4,1664,281,5.3612139462349107336660383378946144244360656348468023261148910745635853397408423e-39
3329,1,2,3,2,2,10,0,4,1664,282,5.3027214656515520038145866060462124092563170884728951411015855748327149768342579e-39
3329,1,2,3,2,2,10,0,4,1664,283,5.2466517275489113475146689473292684551622680423840748464759430665487391884975524e-39
3329,1,2,3,2,2,10,0,4,1664,284,5.1842969765208093992572538020177337223269220106829539604055918250570967320936166e-39
3329,1,2,3,2,2,10,0,4,1664,285,5.1291187152288397440457377273762352067110751546968251832675120855224826344055089e-39
3329,1,2,3,2,2,10,0,4,1664,286,5.0722311327016557047443148534652097852319711629980565501128657249476145792722922e-39
3329,1,2,3,2,2,10,0,4,1664,287,5.0078762509059525421169126587298104020849138000419909661382796392234068632207912e-39
3329,1,2,3,2,2,10,0,4,1664,288,4.9577053647382055329064055229163882169878861002384947636304666168785197018995682e-39
3329,1,2,3,2,2,10,0,4,1664,289,4.9021122575250177616889241238295792970520989160397257234504094078645800915043226e-39
3329,1,2,3,2,2,10,0,4,1664,290,4.8457087851419064681463155880290393037026322109301124582894853305615692222176466e-39
3329,1,2,3,2,2,10,0,4,1664,291,4.7905883336741291054653419559040623159488534893396651411271308032435194417374707e-39
3329,1,2,3,2,2,10,0,4,1664,292,4.7371647380377245165964370706648033833245460406838041223983221771178296207716425e-39
3329,1,2,3,2,2,10,0,4,1664,293,4.6787146944069891411477492130601891635356847557500170327073699306408947878942267e-39
3329,1,2,3,2,2,10,0,4,1664,294,4.6246600655319812396233621540629044996847959394031528540057050529602795135937342e-39
3329,1,2,3,2,2,10,0,4,1664,295,4.5704372429081379174667224436041291330073672773872187599955242295467708605756447e-39
3329,1,2,3,2,2,10,0,4,1664,296,4.5160276971156134263636820608255903876425958180151224383975835087727224997059699e-39
3329,1,2,3,2,2,10,0,4,1664,297,4.4646832116093764709338235709656233664667686784578276599465980748183261380294830e-39
3329,1,2,3,2,2,10,0,4,1664,298,4.4056225114267938477353406341593334441584228986986743217128753062197484669080019e-39
3329,1,2,3,2,2,10,0,4,1664,299,4.3562880646065226220822909469651802726535447865207771021336156270988817912739297e-39
3329,1,2,3,2,2,10,0,4,1664,300,4.3008484281101453280849304409944831228051048021622102888803911649269154743110785e-39
3329,1,2,3,2,2,10,0,4,1664,301,4.2495138835628868067370636989185575827796164317200126351406702816861892586660798e-39
3329,1,2,3,2,2,10,0,4,1664,302,4.1953857487091474592305140591609574252482797711268849930318271076002322760556138e-39
3329,1,2,3,2,2,10,0,4,1664,303,4.1488364095570336072826257350125326586790317196591445718649572383388449455938083e-39
3329,1,2,3,2,2,10,0,4,1664,304,4.0949868528165649110529896260137319898797109136842838927043031202710476175235649e-39
3329,1,2,3,2,2,10,0,4,1664,305,4.0450021575460188151058762424681304472555887521261770822407995915536895852079515e-39
3329,1,2,3,2,2,10,0,4,1664,306,3.9918915841077332754394547839971444814014296041747600589835382463330101670374703e-39
3329,1,2,3,2,2,10,0,4,1664,307,3.9427445349454166067253047501057617731535557202035548858920649482294889836911906e-39
3329,1,2,3,2,2,10,0,4,1664,308,3.8901958837629015241686585248740716655265068226246926341421840641501390955602828e-39
3329,1,2,3,2,2,10,0,4,1664,309,3.8437850869737135927734255337885714224203109088958898898860911363126917191030791e-39
3329,1,2,3,2,2,10,0,4,1664,310,3.7957174359497674116770110891969318572876005979381014322957721061603668874785207e-39
3329,1,2,3,2,2,10,0,4,1664,311,3.7441447071281650707686031885636125123046133177528470271382063298367664522454721e-39
3329,1,2,3,2,2,10,0,4,1664,312,3.6924625459787971423283582741986848287938209569092472166989351547836348460800769e-39
3329,1,2,3,2,2,10,0,4,1664,313,3.6512379888878463340902753221125776301285331968568066841231351795198276200674659e-39
3329,1,2,3,2,2,10,0,4,1664,314,3.6041277111215414466556080923104236952262655213194204893709117030395669448492106e-39
3329,1,2,3,2,2,10,0,4,1664,315,3.5546922845544019795877853237940729934615513522893438684847015974666494281459465e-39
3329,1,2,3,2,2,10,0,4,1664,316,3.5091971143533179856166603869926348901085300800454913388217789973502769256494359e-39
3329,1,2,3,2,2,10,0,4,1664,317,3.4699139183903795886936236728679467972320483706393271593870154959990635207184059e-39
3329,1,2,3,2,2,10,0,4,1664,318,3.4163505332122602495281488513606465427251454527230282062314297109653384088964309e-39
3329,1,2,3,2,2,10,0,4,1664,319,3.3706135076871537721300325304432056133020163533697307829104417148289533230590790e-39
3329,1,2,3,2,2,10,0,4,1664,320,3.3230322126970406082499555409598023216508248183243424456700996233833678226628242e-39
3329,1,2,3,2,2,10,0,4,1664,321,3.2807365472310590891721242573093936737774484292689171517176533508247681952156257e-39
3329,1,2,3,2,2,10,0,4,1664,322,3.2326537192419296298286722099396058183047502496434138142546640525271972642498147e-39
3329,1,2,3,2,2,10,0,4,1664,323,3.1908502565839664452320204056586532470723839093385719700825027585010929183861936e-39
3329,1,2,3,2,2,10,0,4,1664,324,3.1488261722016805941813874490278425580487735945444719566093125676344283392893424e-39
3329,1,2,3,2,2,10,0,4,1664,325,3.1036033607541508755605067217031957431670780733963371037371714512329340328794765e-39
3329,1,2,3,2,2,10,0,4,1664,326,3.0623713339747294146993374839352268858256286009314644471069437720409997368313745e-39
3329,1,2,3,2,2,10,0,4,1664,327,3.0193841929739542175826721504181229047215070455157768890768344794122175262489690e-39
3329,1,2,3,2,2,10,0,4,1664,328,2.9784177727651123593845140853051013244415934793900458579868708728489335426871962e-39
3329,1,2,3,2,2,10,0,4,1664,329,2.9339985428046274469140073947846226928444358780529991029024241972671940609761947e-39
3329,1,2,3,2,2,10,0,4,1664,330,2.8941701864322617972551392794652109847308273711011328254644789348215109065512362e-39
3329,1,2,3,2,2,10,0,4,1664,331,2.8547831338132205238546516974524320583863674630108295466776083380151456273795249e-39
3329,1,2,3,2,2,10,0,4,1664,332,2.8081874984205999757385363835493434101092828340347255623739756350557785714021419e-39
3329,1,2,3,2,2,10,0,4,1664,333,2.7699395571302532149709724304428743680608339763177315997255794963844850824197450e-39
3329,1,2,3,2,2,10,0,4,1664,334,2.7329058750852684217987402492532577924045600624506571895554703592956097737075731e-39
3329,1,2,3,2,2,10,0,4,1664,335,2.6935122598515423935345188464508603541641903462069284125099739708876630061063668e-39
3329,1,2,3,2,2,10,0,4,1664,336,2.6546548546357466071897865474484878822977199047285142050508636388304861267128422e-39
3329,1,2,3,2,2,10,0,4,1664,337,2.6143145087663923491756550836586931521256839893269358523935764969023074857108587e-39
3329,1,2,3,2,2,10,0,4,1664,338,2.5777993656994346227145243012522177239577671313604943283759766147346482823659143e-39
3329,1,2,3,2,2,10,0,4,1664,339,2.5393316041389325361165343502102261456736897419989814749247235139965647917375374e-39
3329,1,2,3,2,2,10,0,4,1664,340,2.5022829532641441967736182679776277379520349837349524507024191920421834976614949e-39
3329,1,2,3,2,2,10,0,4,1664,341,2.4641788919788414975048715684089949752154517416592043259105473889819100646193927e-39
3329,1,2,3,2,2,10,0,4,1664,342,2.4292079431053426515365851428512566362770509288013293009576648456135378617845674e-39
3329,1,2,3,2,2,10,0,4,1664,343,2.3915435877014390641707029107227739187498565788965610639530661599727068499565571e-39
3329,1,2,3,2,2,10,0,4,1664,344,2.3558720986174875936584913468282961340436672057658143802706032009798213061271522e-39
3329,1,2,3,2,2,10,0,4,1664,345,2.3205970868987274687663461410224082743054192633236002718897220461491274801248704e-39
3329,1,2,3,2,2,10,0,4,1664,346,2.2860064144178969413936844419347973517644107225671017263080649271253041245450894e-39
3329,1,2,3,2,2,10,0,4,1664,347,2.2498134109354695235054810168194034577287548677495801034370730411259180104604667e-39
3329,1,2,3,2,2,10,0,4,1664,348,2.2159287178192680031843480197185984176611016719526120585862183132160592755543817e-39
3329,1,2,3,2,2,10,0,4,1664,349,2.1820566641774336326270572574756970464256237172355901245802632424999741488296752e-39
3329,1,2,3,2,2,10,0,4,1664,350,2.1470720657644675377820408117762632530453011382888609781052372132358281454859326e-39
3329,1,2,3,2,2,10,0,4,1664,351,2.1152103644463383572402589948171917444018631814970539812806435372346138038425872e-39
3329,1,2,3,2,2,10,0,4,1664,352,2.0828630908908992860590735632642505129360026664723771312807831282529480692265380e-39
3329,1,2,3,2,2,10,0,4,1664,353,2.0490941274899180667060065143157756958587485825178128043170286270933566300583494e-39
3329,1,2,3,2,2,10,0,4,1664,354,2.0165415382755888183508873126474426372378099265692439607924464939642482447545921e-39
3329,1,2,3,2,2,10,0,4,1664,355,1.9873851010311676050691025549242761319131052087510934887648330327885622797943451e-39
3329,1,2,3,2,2,10,0,4,1664,356,1.9534972883796999572344970383513454854289531784236012727373567739514972608835519e-39
3329,1,2,3,2,2,10,0,4,1664,357,1.9202647221271396628599504084555147380577938730873298275835856692985507184958191e-39
3329,1,2,3,2,2,10,0,4,1664,358,1.8932139734373450361912482973085397158501772031576115503412873263783993245052129e-39
3329,1,2,3,2,2,10,0,4,1664,359,1.8617212317346465850245880610813227233498985695048318192199827855845767721240372e-39
3329,1,2,3,2,2,10,0,4,1664,360,1.8331158800870757638622270264601942965046164096867056214011663117922340280218279e-39
3329,1,2,3,2,2,10,0,4,1664,361,1.8033831297932917706747120778783549421312820405947184026534282898750867213718916e-39
3329,1,2,3,2,2,10,0,4,1664,362,1.7748268899813595240268612341735431178717683881296139343869089443996182672949099e-39
3329,1,2,3,2,2,10,0,4,1664,363,1.7438182255450611750976354864170201271287119681859884500628391728964674643875347e-39
3329,1,2,3,2,2,10,0,4,1664,364,1.7159809400916771920717688281471477185503954601495980695071473208336770369842358e-39
3329,1,2,3,2,2,10,0,4,1664,365,1.6875004870885140673904369722178834981336168039403332660130123120824888918668527e-39
3329,1,2,3,2,2,10,0,4,1664,366,1.6594037896367935464063321905619706133689187423624032602618500434042174355531854e-39
3329,1,2,3,2,2,10,0,4,1664,367,1.6336178740602251186850926727260481885530045919245975824980287826989393902231033e-39
3329,1,2,3,2,2,10,0,4,1664,368,1.6061249288034013348261235153763353552910139255909488482262259439943432773679896e-39
3329,1,2,3,2,2,10,0,4,1664,369,1.5777352934877392973284951882387164119127525699774336315018017456627578317031661e-39
3329,1,2,3,2,2,10,0,4,1664,370,1.5580527779810728915837854204419385872105260472805830479472743223803676284381086e-39
3329,1,2,3,2,2,10,0,4,1664,371,1.5260935961528650831018188893925614514907573882594148963963761392710969453637521e-39
3329,1,2,3,2,2,10,0,4,1664,372,1.5013878605969385004704572642703961406953562377975363952117968494787099826172727e-39
3329,1,2,3,2,2,10,0,4,1664,373,1.4747553414542697825275455892212634290470802549629828450839403911267541353485288e-39
3329,1,2,3,2,2,10,0,4,1664,374,1.4498447666544335149122999282509159651638575510536003670636948281353579240529415e-39
3329,1,2,3,2,2,10,0,4,1664,375,1.4260283960638447515925810941567808311782867252844110939980892081238629046957179e-39
3329,1,2,3,2,2,10,0,4,1664,376,1.4009591169208793599140177705738801905606483698341629462605927291657080290194512e-39
3329,1,2,3,2,2,10,0,4,1664,377,1.3765474275170579564350134351258552386490373280495105832836908761238107328364207e-39
3329,1,2,3,2,2,10,0,4,1664,378,1.3511314272130320325404797801889086950595160914998774871979414397214179703275987e-39
3329,1,2,3,2,2,10,0,4,1664,379,1.3295005627129713999960346693500230837937315300512163834064183017681145863736630e-39
3329,1,2,3,2,2,10,0,4,1664,380,1.3059862543346118393799142450431667808888866179586950849175899855270537264435936e-39
3329,1,2,3,2,2,10,0,4,1664,381,1.2830672024746025306678115178250133140997344577330470704515522101558851286311301e-39
3329,1,2,3,2,2,10,0,4,1664,382,1.2613190541667180770070780509347224603105244282405709785835359430815809153261895e-39
3329,1,2,3,2,2,10,0,4,1664,383,1.2382958855309263561898303916285928241759663020429536923824749832498815816315663e-39
3329,1,2,3,2,2,10,0,4,1664,384,1.2177788769707150152492086559556068094011869077983611998930644548944316654357172e-39
3329,1,2,3,2,2,10,0,4,1664,385,1.1950672120351810581531759872341972725527420752536126143883384339971440768131659e-39
3329,1,2,3,2,2,10,0,4,1664,386,1.1739949800405522063933922189041821448718646132484918543378496064479341859986619e-39
3329,1,2,3,2,2,10,0,4,1664,387,1.1538347458475266050497186890846004944251757636074338636635500707311730310367227e-39
3329,1,2,3,2,2,10,0,4,1664,388,1.1316638533506776978730317238946768634400864487631119938577319887065363386551394e-39
3329,1,2,3,2,2,10,0,4,1664,389,1.1119048022373391308772976678835323061687713367938074827423200489733285557660699e-39
3329,1,2,3,2,2,10,0,4,1664,390,1.0916242393246542092007801037615373590982303677744832926992429101809067340332998e-39
3329,1,2,3,2,2,10,0,4,1664,391,1.0716116829423568241625797131587986548996045007773860476519531512061299852027508e-39
3329,1,2,3,2,2,10,0,4,1664,392,1.0519603698626257988635552598695399027346385119880623420031223119590271517640575e-39
3329,1,2,3,2,2,10,0,4,1664,393,1.0330626877339846154272566019199305163094076545040439120489701089216930255279735e-39
3329,1,2,3,2,2,10,0,4,1664,394,1.0137335983138601241402555466095964128203078248811439755945264402247777738849587e-39
3329,1,2,3,2,2,10,0,4,1664,395,9.9606509637514272687910181906673730922299495107673198320593420267370037806785292e-40
3329,1,2,3,2,2,10,0,4,1664,396,9.7661215818049404511095038722568381587681602229651843545226248386866964382184526e-40
3329,1,2,3,2,2,10,0,4,1664,397,9.5974821205329854355205073983909132682109646339385446641467527149160538345108557e-40
3329,1,2,3,2,2,10,0,4,1664,398,9.4209588647006201971628745674498125303789554937638487632246833091253186747815885e-40
3329,1,2,3,2,2,10,0,4,1664,399,9.2420009817049393375928405326886228275950980309790406451762561578728844559448616e-40
3329,1,2,3,2,2,10,0,4,1664,400,9.0728490661424909736130242998640386954458614778626653192382865991981524160218665e-40
3329,1,2,3,2,2,10,0,4,1664,401,8.9101823491984547952820346973701908678561799574677681866857231718804090935421192e-40
3329,1,2,3,2,2,10,0,4,1664,402,8.7417262107236827285047311427413622770250670001376814810622113886035897617987623e-40
3329,1,2,3,2,2,10,0,4,1664,403,8.5834316332078988514028259015281187820313244334776277168368629463665473814603998e-40
3329,1,2,3,2,2,10,0,4,1664,404,8.4240976823062795931265323150507247234104739277463357881735806563225148811688634e-40
3329,1,2,3,2,2,10,0,4,1664,405,8.2754351674140518079843602507255822715933913296758077730072219106315849439323799e-40
3329,1,2,3,2,2,10,0,4,1664,406,8.1304095678635541206083898409281238168149400687302329898846278485873257680980312e-40
3329,1,2,3,2,2,10,0,4,1664,407,7.9771485342282368975312687029111535140707708370816949648348326945163224413049067e-40
3329,1,2,3,2,2,10,0,4,1664,408,7.8368797140596915853392550122476525407158970389949772899944144046677632925792260e-40
3329,1,2,3,2,2,10,0,4,1664,409,7.6993245344292068953791966153790028169568780371418282596464799197153470015395409e-40
3329,1,2,3,2,2,10,0,4,1664,410,7.5722330879263674051071625333161812840172816440737828757995578246172786752121049e-40
3329,1,2,3,2,2,10,0,4,1664,411,7.4442672712104953375502551003908335538557506062136286295448275529068725561537600e-40
3329,1,2,3,2,2,10,0,4,1664,412,7.3223694592222820674373954903253848103027788067017359333715625974026128347245534e-40
3329,1,2,3,2,2,10,0,4,1664,413,7.2137219867729467305423743155540130433008513124244521776841485898692039995430486e-40
3329,1,2,3,2,2,10,0,4,1664,414,7.0820070983970584874918414285099413650603972900096297668639040625869791569377370e-40
3329,1,2,3,2,2,10,0,4,1664,415,7.0562701066107434332258893694578973380320700710563829528228679140175397644714014e-40
3329,1,2,3,2,2,10,0,4,1664,416,6.8655263138825130960162272488692408065917545437082545631258529883742626996567866e-40
3329,1,2,3,2,2,10,0,4,1664,417,6.7918731088061694413885641996647732730246030987500887638181394596166300616421927e-40
3329,1,2,3,2,2,10,0,4,1664,418,6.7963721843584993960396989885643139405869549685284649541251518660322837441833863e-40
3329,1,2,3,2,2,10,0,4,1664,419,6.7086331451400130038291426606718710322493464565292215290665992707439838965974650e-40
3329,1,2,3,2,2,10,0,4,1664,420,6.6698963902385857378062270185232409453280947047972840920949448521249210530666425e-40
3329,1,2,3,2,2,10,0,4,1664,421,6.6484518500531727365052548206810304097289338840174282260991288025817856190875045e-40
3329,1,2,3,2,2,10,0,4,1664,422,6.6442432946927737559785319880745408793492937846207417565203050400634835023353857e-40
3329,1,2,3,2,2,10,0,4,1664,423,6.6631356427781073238377618443619450870886678461549811547817912321430073445471033e-40
3329,1,2,3,2,2,10,0,4,1664,424,6.7063459637245557397525321013381773889514474033736743007561285779593686648471756e-40
3329,1,2,3,2,2,10,0,4,1664,425,6.7856332551779930320631457767216176938619571793804427202891670686837612267620060e-40
3329,1,2,3,2,2,10,0,4,1664,426,6.8924779218503472083201597417191383013005418935984158618561207853647456521416976e-40
3329,1,2,3,2,2,10,0,4,1664,427,7.0441029798402117026120390953132357012229209514492247236508985681946895098165216e-40
3329,1,2,3,2,2,10,0,4,1664,428,7.2495613122359901624546804064208250943878592961760290302067873474541166899189534e-40
3329,1,2,3,2,2,10,0,4,1664,429,7.4991967782272087805805954172018070664635254574438993503171690015789082240197438e-40
3329,1,2,3,2,2,10,0,4,1664,430,7.8181087761032077192878950419885194191165518168023183961264789941331118977894795e-40
3329,1,2,3,2,2,10,0,4,1664,431,8.2156020011020157792789382481553401715838130836453545061089916048416978804743724e-40
3329,1,2,3,2,2,10,0,4,1664,432,8.6988818657795200847028530903635473972047177222079235627350863109682863362528479e-40
3329,1,2,3,2,2,10,0,4,1664,433,9.2866402547758113923162679636950365513574017604510290356415558033041782787012010e-40
3329,1,2,3,2,2,10,0,4,1664,434,9.9926142007447539893246995124708693111217421246616544743581413678111395421750953e-40
3329,1,2,3,2,2,10,0,4,1664,435,1.0847149721374183465312983303093094425433201862104934990975694093177419495784792e-39
3329,1,2,3,2,2,10,0,4,1664,436,1.1863020432617531979511147802845952009301934626059942270916077277377750197224796e-39
3329,1,2,3,2,2,10,0,4,1664,437,1.3074837238846957885832226821367531522046328089291844414220986707764873703164486e-39
3329,1,2,3,2,2,10,0,4,1664,438,1.4522622826767183246450934132380777617375050423697360699618203384057956769363278e-39
3329,1,2,3,2,2,10,0,4,1664,439,1.6215902733116359305542083676761188462032810890652944381499427957751003724728896e-39
3329,1,2,3,2,2,10,0,4,1664,440,1.8230482008762374533950486788274737947936847167535563043974837369141266025752221e-39
3329,1,2,3,2,2,10,0,4,1664,441,2.0608016482507026106704753555941025464416901145336655186194170113108238796069179e-39
3329,1,2,3,2,2,10,0,4,1664,442,2.3414553855532905764619330640536948075043516628508272274836124078815901689845912e-39
3329,1,2,3,2,2,10,0,4,1664,443,2.6718027139043656702725657193157845035034362158456437405496829942871485368777433e-39
3329,1,2,3,2,2,10,0,4,1664,444,3.0609770244658218594694009490294307095163815304140163598426656633676149427852287e-39
3329,1,2,3,2,2,10,0,4,1664,445,3.5174030692197306225098515221545840061895664758186119233260149329633037230829764e-39
3329,1,2,3,2,2,10,0,4,1664,446,4.0544797934638747018475516934439488351327774841824857474630814678806355006884236e-39
3329,1,2,3,2,2,10,0,4,1664,447,4.6847182461061513269758868144745829454895294234114850717137500747372248153256777e-39
3329,1,2,3,2,2,10,0,4,1664,448,5.4247625773208331591206348260124627304237251853024195007679286677234880704627233e-39
3329,1,2,3,2,2,10,0,4,1664,449,6.2929979049700151607045583317444714189788619940516578722030711416423099017949022e-39
3329,1,2,3,2,2,10,0,4,1664,450,7.3109724423080777689547062489003418411703564552073589563606840622058642955942235e-39
3329,1,2,3,2,2,10,0,4,1664,451,8.5041794291440836983541004805355223534400857761749807654317325878187461046605760e-39
3329,1,2,3,2,2,10,0,4,1664,452,9.9027783454199977990988575326011559836897548349376604293466820292370387723391809e-39
3329,1,2,3,2,2,10,0,4,1664,453,1.1540893578936345267246036214978337229544858093628736992255757744762880842586195e-38
3329,1,2,3,2,2,10,0,4,1664,454,1.3460440177570097610366445807358202429980212133460386673645151261289424676157496e-38
3329,1,2,3,2,2,10,0,4,1664,455,1.5706225072348044536868920573362242991973403956572537097773484609385539955545162e-38
3329,1,2,3,2,2,10,0,4,1664,456,1.8336295662386330184728111005560288645245684212951781811848939301042002061437229e-38
3329,1,2,3,2,2,10,0,4,1664,457,2.1414668657404054195639782447019285159978363534959870921283344198119657370618902e-38
3329,1,2,3,2,2,10,0,4,1664,458,2.5017068890902476180793318227741304281763674510915753569729772465689111594475746e-38
3329,1,2,3,2,2,10,0,4,1664,459,2.9231288189083524786973549465258118756558010071380922782038919613818454704692872e-38
3329,1,2,3,2,2,10,0,4,1664,460,3.4161811127814345556874422871349723655305514342940768493064222546313001879647134e-38
3329,1,2,3,2,2,10,0,4,1664,461,3.9928355339279829924026245660111719157108411799769095538967040392864816105293953e-38
3329,1,2,3,2,2,10,0,4,1664,462,4.6671280724684301437634864027219602925190207297623241955986697896967923159326683e-38
3329,1,2,3,2,2,10,0,4,1664,463,5.4556034649897335670060856954316836344531887509953773836647512693155210083879318e-38
3329,1,2,3,2,2,10,0,4,1664,464,6.3773618570201057426757801460613309141945596952839497567816465213119717115719730e-38
3329,1,2,3,2,2,10,0,4,1664,465,7.4547626707667094394775130006763773055035617252022325310018012536401387774285407e-38
3329,1,2,3,2,2,10,0,4,1664,466,8.7139894751657948532118666245191280720313886632652396954853606980889345866201109e-38
3329,1,2,3,2,2,10,0,4,1664,467,1.0185354073319666000993629712115219482534937907195624313252623746673047416463152e-37
3329,1,2,3,2,2,10,0,4,1664,468,1.1904535436513751405151396117801970704617938893316927033551330925221633322262852e-37
3329,1,2,3,2,2,10,0,4,1664,469,1.3912920061527433633465579071286836412201808132297477536050490763505656652308780e-37
3329,1,2,3,2,2,10,0,4,1664,470,1.6258852335220587580473280136571085949948996420372288432699214503295622172751436e-37
3329,1,2,3,2,2,10,0,4,1664,471,1.8998664629691189736570886800923397718077500919727752287702187967303905253109865e-37
3329,1,2,3,2,2,10,0,4,1664,472,2.2198098712019419084787984647089992950182535658035443795149534585037958028467776e-37
3329,1,2,3,2,2,10,0,4,1664,473,2.5933736314698485415759008671709360218906137308057285910710294992614728498901180e-37
3329,1,2,3,2,2,10,0,4,1664,474,3.0294873208839500238773531939012301473251512840390368537465757723618610724405622e-37
3329,1,2,3,2,2,10,0,4,1664,475,3.5385550993263915357412619201688296331378846329697337324407018829822194301538908e-37
3329,1,2,3,2,2,10,0,4,1664,476,4.1327154819935873825604384647971302197917899363182487599313987774462984951984280e-37
3329,1,2,3,2,2,10,0,4,1664,477,4.8260756086104418664080777904693337020126640824908460669882090579140423218062070e-37
3329,1,2,3,2,2,10,0,4,1664,478,5.6351144915657043914598303067430540857645773510343678701789501370282545224310630e-37
3329,1,2,3,2,2,10,0,4,1664,479,6.5789995825692291165060848265633203622489419868057778333179593197039269393656853e-37
3329,1,2,3,2,2,10,0,4,1664,480,7.6800626527368986309169423274888683233696908959903046286328707916519225836219850e-37
3329,1,2,3,2,2,10,0,4,1664,481,8.9643125913615140707186858811926497029054730967316068553807969177316641543358064e-37
3329,1,2,3,2,2,10,0,4,1664,482,1.0462032391906712908403639567631311602838665225953559741414037773861058813983587e-36
3329,1,2,3,2,2,10,0,4,1664,483,1.2208474066338345543771577926836146050643227184142132184606673516096692373910427e-36
3329,1,2,3,2,2,10,0,4,1664,484,1.4244680394231015013564064054337685219253846366291327334441243239502147800098496e-36
3329,1,2,3,2,2,10,0,4,1664,485,1.6618424087592987902655120654104176012864434485369642171187773703293287658111966e-36
3329,1,2,3,2,2,10,0,4,1664,486,1.9385292662624545138100062549936421595561023420606668880210055211217620303382003e-36
3329,1,2,3,2,2,10,0,4,1664,487,2.2609975776110212007974228240569699374609749420046706140304726327160779851086043e-36
3329,1,2,3,2,2,10,0,4,1664,488,2.6367741569579461468463564973781004679292952612280199402016722399429105368016148e-36
3329,1,2,3,2,2,10,0,4,1664,489,3.0746145488850560751984172681742654627330650468442096999537028398476574203360475e-36
3329,1,2,3,2,2,10,0,4,1664,490,3.5847026734764006086712151872803259893043729833940940508987731319453326366193331e-36
3329,1,2,3,2,2,10,0,4,1664,491,4.1788835649479228823924127141563254586603600446354951513175318293286904122940219e-36
3329,1,2,3,2,2,10,0,4,1664,492,4.8709308249957730545746821516203146478115692995122697716743220208252492052321230e-36
3329,1,2,3,2,2,10,0,4,1664,493,5.6768586437801497577257069955952817588356135282242893148099828660632038414350863e-36
3329,1,2,3,2,2,10,0,4,1664,494,6.6152856608398331304182336896777129957319738580624473442858903398341001934587094e-36
3329,1,2,3,2,2,10,0,4,1664,495,7.7078530912088162555861211276855868383277547595575812637567025454844690614766466e-36
3329,1,2,3,2,2,10,0,4,1664,496,8.9797140746469550124486474955033161952112628453960122122854502944875515824509165e-36
3329,1,2,3,2,2,10,0,4,1664,497,1.0460098837274547727123853334950641134313381820678404988801241682833755319951439e-35
3329,1,2,3,2,2,10,0,4,1664,498,1.2182971119268213588338404622783770589889202662930841532288457659200200427615630e-35
3329,1,2,3,2,2,10,0,4,1664,499,1.4187790104890816010947860415021080056531575350068018866453935501068867897305566e-35
3329,1,2,3,2,2,10,0,4,1664,500,1.6520392166350257183539633964705294232730421352680606811761369418059456553165362e-35
Found empty line in setup file, skipping it...
